{
  "lang":"en",
  "name":"pipeline",
  "version":"0.0.0",
  "spacy_version":">=3.5.2,<3.6.0",
  "description":"",
  "author":"",
  "email":"",
  "url":"",
  "license":"",
  "spacy_git_version":"Unknown",
  "vectors":{
    "width":0,
    "vectors":0,
    "keys":0,
    "name":null,
    "mode":"default"
  },
  "labels":{
    "transformer":[

    ],
    "ner":[
      "AGE",
      "CITY",
      "COUNTRY",
      "DATE",
      "DOCTOR",
      "EMAIL",
      "FAX",
      "HOSPITAL",
      "IDNUM",
      "LOC",
      "MEDICALRECORD",
      "MISC",
      "ORG",
      "ORGANIZATION",
      "PATIENT",
      "PER",
      "PHONE",
      "PROFESSION",
      "STATE",
      "STREET",
      "USERNAME",
      "ZIP"
    ]
  },
  "pipeline":[
    "transformer",
    "ner"
  ],
  "components":[
    "transformer",
    "ner"
  ],
  "disabled":[

  ],
  "performance":{
    "ents_f":0.9280608365,
    "ents_p":0.9325997249,
    "ents_r":0.9235659149,
    "ents_per_type":{
      "DATE":{
        "p":0.9714176829,
        "r":0.9662623199,
        "f":0.9688331433
      },
      "PATIENT":{
        "p":0.9488304094,
        "r":0.9446870451,
        "f":0.946754194
      },
      "MEDICALRECORD":{
        "p":0.9506849315,
        "r":0.9774647887,
        "f":0.9638888889
      },
      "DOCTOR":{
        "p":0.9355860612,
        "r":0.949624866,
        "f":0.9425531915
      },
      "AGE":{
        "p":0.9857142857,
        "r":0.9526627219,
        "f":0.9689067202
      },
      "PROFESSION":{
        "p":0.7926829268,
        "r":0.7222222222,
        "f":0.7558139535
      },
      "HOSPITAL":{
        "p":0.9183303085,
        "r":0.8241042345,
        "f":0.8686695279
      },
      "STREET":{
        "p":0.9189189189,
        "r":0.9189189189,
        "f":0.9189189189
      },
      "CITY":{
        "p":0.7526315789,
        "r":0.8171428571,
        "f":0.7835616438
      },
      "STATE":{
        "p":0.8630136986,
        "r":0.8811188811,
        "f":0.8719723183
      },
      "IDNUM":{
        "p":0.8113207547,
        "r":0.8775510204,
        "f":0.8431372549
      },
      "COUNTRY":{
        "p":0.875,
        "r":0.5526315789,
        "f":0.6774193548
      },
      "ZIP":{
        "p":0.5909090909,
        "r":0.4814814815,
        "f":0.5306122449
      },
      "PHONE":{
        "p":0.8229166667,
        "r":0.9518072289,
        "f":0.8826815642
      },
      "ORGANIZATION":{
        "p":0.7666666667,
        "r":0.5227272727,
        "f":0.6216216216
      },
      "LOC":{
        "p":0.0,
        "r":0.0,
        "f":0.0
      },
      "LOCATION-OTHER":{
        "p":0.0,
        "r":0.0,
        "f":0.0
      },
      "USERNAME":{
        "p":1.0,
        "r":0.9428571429,
        "f":0.9705882353
      },
      "MISC":{
        "p":0.0,
        "r":0.0,
        "f":0.0
      },
      "ORG":{
        "p":0.0,
        "r":0.0,
        "f":0.0
      },
      "FAX":{
        "p":0.0,
        "r":0.0,
        "f":0.0
      },
      "DEVICE":{
        "p":0.0,
        "r":0.0,
        "f":0.0
      }
    },
    "transformer_loss":243.3641236534,
    "ner_loss":9268.4121874002
  }
}