{
  "lang":"en",
  "name":"pipeline",
  "version":"0.0.0",
  "spacy_version":">=3.5.1,<3.6.0",
  "description":"",
  "author":"",
  "email":"",
  "url":"",
  "license":"",
  "spacy_git_version":"8153bd573",
  "vectors":{
    "width":0,
    "vectors":0,
    "keys":0,
    "name":null,
    "mode":"default"
  },
  "labels":{
    "transformer":[

    ],
    "ner":[
      "AGE",
      "CITY",
      "COUNTRY",
      "DATE",
      "DOCTOR",
      "EMAIL",
      "HOSPITAL",
      "IDNUM",
      "LOC",
      "MEDICALRECORD",
      "MISC",
      "ORG",
      "ORGANIZATION",
      "PATIENT",
      "PER",
      "PHONE",
      "PROFESSION",
      "STATE",
      "STREET",
      "USERNAME",
      "ZIP"
    ]
  },
  "pipeline":[
    "transformer",
    "ner"
  ],
  "components":[
    "transformer",
    "ner"
  ],
  "disabled":[

  ],
  "performance":{
    "ents_f":0.839361456,
    "ents_p":0.8556603774,
    "ents_r":0.8236718632,
    "ents_per_type":{
      "DATE":{
        "p":0.9358778626,
        "r":0.9294920394,
        "f":0.9326740205
      },
      "PATIENT":{
        "p":0.8880994671,
        "r":0.7278020378,
        "f":0.8
      },
      "MEDICALRECORD":{
        "p":0.8965517241,
        "r":0.9521126761,
        "f":0.9234972678
      },
      "DOCTOR":{
        "p":0.8265720081,
        "r":0.8735262594,
        "f":0.8494007295
      },
      "AGE":{
        "p":0.9365079365,
        "r":0.8145956607,
        "f":0.8713080169
      },
      "PROFESSION":{
        "p":0.0,
        "r":0.0,
        "f":0.0
      },
      "HOSPITAL":{
        "p":0.7135135135,
        "r":0.6449511401,
        "f":0.6775021386
      },
      "STREET":{
        "p":0.7692307692,
        "r":0.9009009009,
        "f":0.8298755187
      },
      "CITY":{
        "p":0.5680473373,
        "r":0.5485714286,
        "f":0.5581395349
      },
      "STATE":{
        "p":0.8345323741,
        "r":0.8111888112,
        "f":0.8226950355
      },
      "IDNUM":{
        "p":0.8235294118,
        "r":0.8571428571,
        "f":0.84
      },
      "COUNTRY":{
        "p":0.6575342466,
        "r":0.6315789474,
        "f":0.644295302
      },
      "ZIP":{
        "p":0.44,
        "r":0.4074074074,
        "f":0.4230769231
      },
      "PHONE":{
        "p":0.5966386555,
        "r":0.8554216867,
        "f":0.702970297
      },
      "MISC":{
        "p":0.0,
        "r":0.0,
        "f":0.0
      },
      "ORGANIZATION":{
        "p":1.0,
        "r":0.0227272727,
        "f":0.0444444444
      },
      "LOC":{
        "p":0.0,
        "r":0.0,
        "f":0.0
      },
      "ORG":{
        "p":0.0,
        "r":0.0,
        "f":0.0
      },
      "LOCATION-OTHER":{
        "p":0.0,
        "r":0.0,
        "f":0.0
      },
      "USERNAME":{
        "p":1.0,
        "r":0.9142857143,
        "f":0.9552238806
      },
      "FAX":{
        "p":0.0,
        "r":0.0,
        "f":0.0
      },
      "DEVICE":{
        "p":0.0,
        "r":0.0,
        "f":0.0
      }
    },
    "transformer_loss":102.7881268833,
    "ner_loss":3497.0448163698
  }
}
