{
  "lang":"en",
  "name":"pipeline",
  "version":"0.0.0",
  "spacy_version":">=3.5.1,<3.6.0",
  "description":"",
  "author":"",
  "email":"",
  "url":"",
  "license":"",
  "spacy_git_version":"8153bd573",
  "vectors":{
    "width":0,
    "vectors":0,
    "keys":0,
    "name":null,
    "mode":"default"
  },
  "labels":{
    "transformer":[

    ],
    "ner":[
      "AGE",
      "CITY",
      "COUNTRY",
      "DATE",
      "DOCTOR",
      "EMAIL",
      "HOSPITAL",
      "IDNUM",
      "LOC",
      "MEDICALRECORD",
      "MISC",
      "ORG",
      "ORGANIZATION",
      "PATIENT",
      "PER",
      "PHONE",
      "PROFESSION",
      "STATE",
      "STREET",
      "USERNAME",
      "ZIP"
    ]
  },
  "pipeline":[
    "transformer",
    "ner"
  ],
  "components":[
    "transformer",
    "ner"
  ],
  "disabled":[

  ],
  "performance":{
    "ents_f":0.8129191398,
    "ents_p":0.828306629,
    "ents_r":0.7980929317,
    "ents_per_type":{
      "DATE":{
        "p":0.9271730619,
        "r":0.8976497346,
        "f":0.9121725732
      },
      "PATIENT":{
        "p":0.7868613139,
        "r":0.7845705968,
        "f":0.7857142857
      },
      "MEDICALRECORD":{
        "p":0.8387096774,
        "r":0.9521126761,
        "f":0.8918205805
      },
      "DOCTOR":{
        "p":0.8542116631,
        "r":0.8478027867,
        "f":0.8509951587
      },
      "AGE":{
        "p":0.8832599119,
        "r":0.7909270217,
        "f":0.8345473465
      },
      "PROFESSION":{
        "p":0.0,
        "r":0.0,
        "f":0.0
      },
      "HOSPITAL":{
        "p":0.6462809917,
        "r":0.6368078176,
        "f":0.641509434
      },
      "STREET":{
        "p":0.7099236641,
        "r":0.8378378378,
        "f":0.7685950413
      },
      "CITY":{
        "p":0.8252427184,
        "r":0.4857142857,
        "f":0.6115107914
      },
      "STATE":{
        "p":0.8363636364,
        "r":0.6433566434,
        "f":0.7272727273
      },
      "LOC":{
        "p":0.0,
        "r":0.0,
        "f":0.0
      },
      "IDNUM":{
        "p":0.7719298246,
        "r":0.8979591837,
        "f":0.8301886792
      },
      "MISC":{
        "p":0.0,
        "r":0.0,
        "f":0.0
      },
      "ZIP":{
        "p":0.4651162791,
        "r":0.7407407407,
        "f":0.5714285714
      },
      "COUNTRY":{
        "p":0.8571428571,
        "r":0.1578947368,
        "f":0.2666666667
      },
      "PHONE":{
        "p":0.94,
        "r":0.5662650602,
        "f":0.7067669173
      },
      "ORG":{
        "p":0.0,
        "r":0.0,
        "f":0.0
      },
      "ORGANIZATION":{
        "p":0.0,
        "r":0.0,
        "f":0.0
      },
      "LOCATION-OTHER":{
        "p":0.0,
        "r":0.0,
        "f":0.0
      },
      "USERNAME":{
        "p":1.0,
        "r":0.9142857143,
        "f":0.9552238806
      },
      "PER":{
        "p":0.0,
        "r":0.0,
        "f":0.0
      },
      "FAX":{
        "p":0.0,
        "r":0.0,
        "f":0.0
      },
      "DEVICE":{
        "p":0.0,
        "r":0.0,
        "f":0.0
      }
    },
    "transformer_loss":201.563854156,
    "ner_loss":2818.4618403137
  }
}
