{
  "lang":"en",
  "name":"pipeline",
  "version":"0.0.0",
  "spacy_version":">=3.5.1,<3.6.0",
  "description":"",
  "author":"",
  "email":"",
  "url":"",
  "license":"",
  "spacy_git_version":"8153bd573",
  "vectors":{
    "width":0,
    "vectors":0,
    "keys":0,
    "name":null,
    "mode":"default"
  },
  "labels":{
    "transformer":[

    ],
    "ner":[
      "AGE",
      "CITY",
      "COUNTRY",
      "DATE",
      "DOCTOR",
      "EMAIL",
      "HOSPITAL",
      "IDNUM",
      "LOC",
      "MEDICALRECORD",
      "MISC",
      "ORG",
      "ORGANIZATION",
      "PATIENT",
      "PER",
      "PHONE",
      "PROFESSION",
      "STATE",
      "STREET",
      "USERNAME",
      "ZIP"
    ]
  },
  "pipeline":[
    "transformer",
    "ner"
  ],
  "components":[
    "transformer",
    "ner"
  ],
  "disabled":[

  ],
  "performance":{
    "ents_f":0.7493710692,
    "ents_p":0.7796499264,
    "ents_r":0.7213561374,
    "ents_per_type":{
      "DATE":{
        "p":0.9110840438,
        "r":0.8506444276,
        "f":0.8798274848
      },
      "PATIENT":{
        "p":0.7069486405,
        "r":0.6812227074,
        "f":0.6938472943
      },
      "MEDICALRECORD":{
        "p":0.7573529412,
        "r":0.8704225352,
        "f":0.8099606815
      },
      "DOCTOR":{
        "p":0.7127344521,
        "r":0.7738478028,
        "f":0.7420349435
      },
      "AGE":{
        "p":0.9186351706,
        "r":0.6903353057,
        "f":0.7882882883
      },
      "PROFESSION":{
        "p":0.0,
        "r":0.0,
        "f":0.0
      },
      "HOSPITAL":{
        "p":0.6227758007,
        "r":0.5700325733,
        "f":0.5952380952
      },
      "STREET":{
        "p":0.7454545455,
        "r":0.7387387387,
        "f":0.742081448
      },
      "CITY":{
        "p":0.5517241379,
        "r":0.3657142857,
        "f":0.439862543
      },
      "STATE":{
        "p":0.7572815534,
        "r":0.5454545455,
        "f":0.6341463415
      },
      "PER":{
        "p":0.0,
        "r":0.0,
        "f":0.0
      },
      "IDNUM":{
        "p":0.5571428571,
        "r":0.7959183673,
        "f":0.6554621849
      },
      "LOC":{
        "p":0.0,
        "r":0.0,
        "f":0.0
      },
      "ZIP":{
        "p":0.1428571429,
        "r":0.0185185185,
        "f":0.0327868852
      },
      "COUNTRY":{
        "p":0.7727272727,
        "r":0.2236842105,
        "f":0.3469387755
      },
      "ORG":{
        "p":0.0,
        "r":0.0,
        "f":0.0
      },
      "MISC":{
        "p":0.0,
        "r":0.0,
        "f":0.0
      },
      "PHONE":{
        "p":0.4137931034,
        "r":0.1445783133,
        "f":0.2142857143
      },
      "ORGANIZATION":{
        "p":0.0,
        "r":0.0,
        "f":0.0
      },
      "LOCATION-OTHER":{
        "p":0.0,
        "r":0.0,
        "f":0.0
      },
      "USERNAME":{
        "p":1.0,
        "r":0.8571428571,
        "f":0.9230769231
      },
      "FAX":{
        "p":0.0,
        "r":0.0,
        "f":0.0
      },
      "DEVICE":{
        "p":0.0,
        "r":0.0,
        "f":0.0
      }
    },
    "transformer_loss":8711.4436541059,
    "ner_loss":3310.3197546182
  }
}
