{
  "lang":"en",
  "name":"pipeline",
  "version":"0.0.0",
  "spacy_version":">=3.5.1,<3.6.0",
  "description":"",
  "author":"",
  "email":"",
  "url":"",
  "license":"",
  "spacy_git_version":"8153bd573",
  "vectors":{
    "width":0,
    "vectors":0,
    "keys":0,
    "name":null,
    "mode":"default"
  },
  "labels":{
    "transformer":[

    ],
    "ner":[
      "AGE",
      "CITY",
      "COUNTRY",
      "DATE",
      "DOCTOR",
      "EMAIL",
      "HOSPITAL",
      "IDNUM",
      "LOC",
      "MEDICALRECORD",
      "MISC",
      "ORG",
      "ORGANIZATION",
      "PATIENT",
      "PER",
      "PHONE",
      "PROFESSION",
      "STATE",
      "STREET",
      "USERNAME",
      "ZIP"
    ]
  },
  "pipeline":[
    "transformer",
    "ner"
  ],
  "components":[
    "transformer",
    "ner"
  ],
  "disabled":[

  ],
  "performance":{
    "ents_f":0.6073822793,
    "ents_p":0.6511950121,
    "ents_r":0.5690933858,
    "ents_per_type":{
      "DATE":{
        "p":0.7805074507,
        "r":0.7346474602,
        "f":0.7568834212
      },
      "PATIENT":{
        "p":0.5933682373,
        "r":0.4949053857,
        "f":0.5396825397
      },
      "MEDICALRECORD":{
        "p":0.5096952909,
        "r":0.5183098592,
        "f":0.5139664804
      },
      "DOCTOR":{
        "p":0.62004662,
        "r":0.5702036442,
        "f":0.5940815187
      },
      "PROFESSION":{
        "p":0.0,
        "r":0.0,
        "f":0.0
      },
      "AGE":{
        "p":0.7359307359,
        "r":0.6706114398,
        "f":0.701754386
      },
      "HOSPITAL":{
        "p":0.5052410901,
        "r":0.3925081433,
        "f":0.441796517
      },
      "ORG":{
        "p":0.0,
        "r":0.0,
        "f":0.0
      },
      "PER":{
        "p":0.0,
        "r":0.0,
        "f":0.0
      },
      "IDNUM":{
        "p":0.4,
        "r":0.2040816327,
        "f":0.2702702703
      },
      "CITY":{
        "p":0.4342105263,
        "r":0.1885714286,
        "f":0.2629482072
      },
      "STREET":{
        "p":0.6237623762,
        "r":0.5675675676,
        "f":0.5943396226
      },
      "STATE":{
        "p":0.7564102564,
        "r":0.4125874126,
        "f":0.5339366516
      },
      "MISC":{
        "p":0.0,
        "r":0.0,
        "f":0.0
      },
      "LOC":{
        "p":0.0,
        "r":0.0,
        "f":0.0
      },
      "ZIP":{
        "p":0.0,
        "r":0.0,
        "f":0.0
      },
      "COUNTRY":{
        "p":0.0,
        "r":0.0,
        "f":0.0
      },
      "USERNAME":{
        "p":0.4347826087,
        "r":0.5714285714,
        "f":0.4938271605
      },
      "PHONE":{
        "p":0.0,
        "r":0.0,
        "f":0.0
      },
      "ORGANIZATION":{
        "p":0.0,
        "r":0.0,
        "f":0.0
      },
      "LOCATION-OTHER":{
        "p":0.0,
        "r":0.0,
        "f":0.0
      },
      "FAX":{
        "p":0.0,
        "r":0.0,
        "f":0.0
      },
      "DEVICE":{
        "p":0.0,
        "r":0.0,
        "f":0.0
      }
    },
    "transformer_loss":3647.8645515301,
    "ner_loss":2907.4953163824
  }
}
