{
  "lang":"en",
  "name":"pipeline",
  "version":"0.0.0",
  "spacy_version":">=3.5.1,<3.6.0",
  "description":"",
  "author":"",
  "email":"",
  "url":"",
  "license":"",
  "spacy_git_version":"8153bd573",
  "vectors":{
    "width":0,
    "vectors":0,
    "keys":0,
    "name":null,
    "mode":"default"
  },
  "labels":{
    "transformer":[

    ],
    "ner":[
      "AGE",
      "CITY",
      "COUNTRY",
      "DATE",
      "DOCTOR",
      "EMAIL",
      "HOSPITAL",
      "IDNUM",
      "LOC",
      "MEDICALRECORD",
      "MISC",
      "ORG",
      "ORGANIZATION",
      "PATIENT",
      "PER",
      "PHONE",
      "PROFESSION",
      "STATE",
      "STREET",
      "USERNAME",
      "ZIP"
    ]
  },
  "pipeline":[
    "transformer",
    "ner"
  ],
  "components":[
    "transformer",
    "ner"
  ],
  "disabled":[

  ],
  "performance":{
    "ents_f":0.8148148148,
    "ents_p":0.8293103448,
    "ents_r":0.800817315,
    "ents_per_type":{
      "DATE":{
        "p":0.9251336898,
        "r":0.9181197877,
        "f":0.9216133942
      },
      "PATIENT":{
        "p":0.6908344733,
        "r":0.7350800582,
        "f":0.7122708039
      },
      "MEDICALRECORD":{
        "p":0.9025069638,
        "r":0.9126760563,
        "f":0.9075630252
      },
      "DOCTOR":{
        "p":0.8773006135,
        "r":0.7663451233,
        "f":0.8180778032
      },
      "AGE":{
        "p":0.9462809917,
        "r":0.9033530572,
        "f":0.9243188698
      },
      "PROFESSION":{
        "p":0.25,
        "r":0.0111111111,
        "f":0.0212765957
      },
      "HOSPITAL":{
        "p":0.7987679671,
        "r":0.6335504886,
        "f":0.7066303361
      },
      "STREET":{
        "p":0.6992481203,
        "r":0.8378378378,
        "f":0.762295082
      },
      "CITY":{
        "p":0.3936170213,
        "r":0.4228571429,
        "f":0.4077134986
      },
      "STATE":{
        "p":0.7923076923,
        "r":0.7202797203,
        "f":0.7545787546
      },
      "IDNUM":{
        "p":0.6875,
        "r":0.8979591837,
        "f":0.7787610619
      },
      "ORG":{
        "p":0.0,
        "r":0.0,
        "f":0.0
      },
      "LOC":{
        "p":0.0,
        "r":0.0,
        "f":0.0
      },
      "ZIP":{
        "p":0.421686747,
        "r":0.6481481481,
        "f":0.5109489051
      },
      "COUNTRY":{
        "p":0.5510204082,
        "r":0.3552631579,
        "f":0.432
      },
      "MISC":{
        "p":0.0,
        "r":0.0,
        "f":0.0
      },
      "ORGANIZATION":{
        "p":0.0,
        "r":0.0,
        "f":0.0
      },
      "PHONE":{
        "p":0.7840909091,
        "r":0.8313253012,
        "f":0.8070175439
      },
      "PER":{
        "p":0.0,
        "r":0.0,
        "f":0.0
      },
      "LOCATION-OTHER":{
        "p":0.0,
        "r":0.0,
        "f":0.0
      },
      "USERNAME":{
        "p":0.9696969697,
        "r":0.9142857143,
        "f":0.9411764706
      },
      "EMAIL":{
        "p":0.0,
        "r":0.0,
        "f":0.0
      },
      "FAX":{
        "p":0.0,
        "r":0.0,
        "f":0.0
      },
      "DEVICE":{
        "p":0.0,
        "r":0.0,
        "f":0.0
      }
    },
    "transformer_loss":350.8768931906,
    "ner_loss":2500.7790905848
  }
}
