{
  "lang":"en",
  "name":"pipeline",
  "version":"0.0.0",
  "spacy_version":">=3.5.1,<3.6.0",
  "description":"",
  "author":"",
  "email":"",
  "url":"",
  "license":"",
  "spacy_git_version":"8153bd573",
  "vectors":{
    "width":0,
    "vectors":0,
    "keys":0,
    "name":null,
    "mode":"default"
  },
  "labels":{
    "transformer":[

    ],
    "ner":[
      "AGE",
      "CITY",
      "COUNTRY",
      "DATE",
      "DOCTOR",
      "EMAIL",
      "HOSPITAL",
      "IDNUM",
      "LOC",
      "MEDICALRECORD",
      "MISC",
      "ORG",
      "ORGANIZATION",
      "PATIENT",
      "PER",
      "PHONE",
      "PROFESSION",
      "STATE",
      "STREET",
      "USERNAME",
      "ZIP"
    ]
  },
  "pipeline":[
    "transformer",
    "ner"
  ],
  "components":[
    "transformer",
    "ner"
  ],
  "disabled":[

  ],
  "performance":{
    "ents_f":0.8420322257,
    "ents_p":0.8581081081,
    "ents_r":0.826547601,
    "ents_per_type":{
      "DATE":{
        "p":0.9381957774,
        "r":0.926459439,
        "f":0.9322906733
      },
      "PATIENT":{
        "p":0.8361153263,
        "r":0.8020378457,
        "f":0.8187221397
      },
      "MEDICALRECORD":{
        "p":0.8188585608,
        "r":0.9295774648,
        "f":0.8707124011
      },
      "DOCTOR":{
        "p":0.8748674443,
        "r":0.884244373,
        "f":0.8795309168
      },
      "AGE":{
        "p":0.9673659674,
        "r":0.8185404339,
        "f":0.8867521368
      },
      "PROFESSION":{
        "p":0.0,
        "r":0.0,
        "f":0.0
      },
      "HOSPITAL":{
        "p":0.6759410802,
        "r":0.6726384365,
        "f":0.6742857143
      },
      "STREET":{
        "p":0.737704918,
        "r":0.8108108108,
        "f":0.7725321888
      },
      "CITY":{
        "p":0.5677419355,
        "r":0.5028571429,
        "f":0.5333333333
      },
      "STATE":{
        "p":0.90625,
        "r":0.8111888112,
        "f":0.8560885609
      },
      "IDNUM":{
        "p":0.9111111111,
        "r":0.8367346939,
        "f":0.8723404255
      },
      "COUNTRY":{
        "p":0.7833333333,
        "r":0.6184210526,
        "f":0.6911764706
      },
      "ZIP":{
        "p":0.4285714286,
        "r":0.1666666667,
        "f":0.24
      },
      "MISC":{
        "p":0.0,
        "r":0.0,
        "f":0.0
      },
      "PHONE":{
        "p":0.7721518987,
        "r":0.734939759,
        "f":0.7530864198
      },
      "ORGANIZATION":{
        "p":0.0,
        "r":0.0,
        "f":0.0
      },
      "LOC":{
        "p":0.0,
        "r":0.0,
        "f":0.0
      },
      "LOCATION-OTHER":{
        "p":0.0,
        "r":0.0,
        "f":0.0
      },
      "USERNAME":{
        "p":1.0,
        "r":0.8857142857,
        "f":0.9393939394
      },
      "EMAIL":{
        "p":0.0,
        "r":0.0,
        "f":0.0
      },
      "ORG":{
        "p":0.0,
        "r":0.0,
        "f":0.0
      },
      "FAX":{
        "p":0.0,
        "r":0.0,
        "f":0.0
      },
      "DEVICE":{
        "p":0.0,
        "r":0.0,
        "f":0.0
      },
      "PER":{
        "p":0.0,
        "r":0.0,
        "f":0.0
      }
    },
    "transformer_loss":114.7087465211,
    "ner_loss":2734.6586665696
  }
}
