{
  "lang":"en",
  "name":"pipeline",
  "version":"0.0.0",
  "spacy_version":">=3.5.1,<3.6.0",
  "description":"",
  "author":"",
  "email":"",
  "url":"",
  "license":"",
  "spacy_git_version":"8153bd573",
  "vectors":{
    "width":300,
    "vectors":514157,
    "keys":514157,
    "name":"en_vectors",
    "mode":"default"
  },
  "labels":{
    "ner":[
      "AGE",
      "CITY",
      "COUNTRY",
      "DATE",
      "DOCTOR",
      "EMAIL",
      "FAX",
      "HOSPITAL",
      "IDNUM",
      "LOC",
      "MEDICALRECORD",
      "MISC",
      "ORG",
      "ORGANIZATION",
      "PATIENT",
      "PER",
      "PHONE",
      "PROFESSION",
      "STATE",
      "STREET",
      "USERNAME",
      "ZIP"
    ]
  },
  "pipeline":[
    "ner"
  ],
  "components":[
    "ner"
  ],
  "disabled":[

  ],
  "performance":{
    "ents_f":0.7812426361,
    "ents_p":0.8120509471,
    "ents_r":0.7526865446,
    "ents_per_type":{
      "DATE":{
        "p":0.8847631242,
        "r":0.7858225929,
        "f":0.8323629793
      },
      "PATIENT":{
        "p":0.8698517298,
        "r":0.768558952,
        "f":0.8160741886
      },
      "MEDICALRECORD":{
        "p":0.8782894737,
        "r":0.7521126761,
        "f":0.8103186646
      },
      "DOCTOR":{
        "p":0.88,
        "r":0.8017148982,
        "f":0.8390353337
      },
      "AGE":{
        "p":0.9406779661,
        "r":0.875739645,
        "f":0.9070480082
      },
      "ORG":{
        "p":0.0,
        "r":0.0,
        "f":0.0
      },
      "HOSPITAL":{
        "p":0.7649325626,
        "r":0.6465798046,
        "f":0.7007943513
      },
      "PROFESSION":{
        "p":0.8787878788,
        "r":0.3222222222,
        "f":0.4715447154
      },
      "PER":{
        "p":0.0,
        "r":0.0,
        "f":0.0
      },
      "MISC":{
        "p":0.0,
        "r":0.0,
        "f":0.0
      },
      "STREET":{
        "p":0.9801980198,
        "r":0.8918918919,
        "f":0.9339622642
      },
      "CITY":{
        "p":0.814516129,
        "r":0.5771428571,
        "f":0.6755852843
      },
      "STATE":{
        "p":0.982300885,
        "r":0.7762237762,
        "f":0.8671875
      },
      "LOC":{
        "p":0.0,
        "r":0.0,
        "f":0.0
      },
      "IDNUM":{
        "p":0.5901639344,
        "r":0.7346938776,
        "f":0.6545454545
      },
      "ZIP":{
        "p":0.976744186,
        "r":0.7777777778,
        "f":0.8659793814
      },
      "COUNTRY":{
        "p":0.5,
        "r":0.0263157895,
        "f":0.05
      },
      "PHONE":{
        "p":0.9189189189,
        "r":0.8192771084,
        "f":0.8662420382
      },
      "ORGANIZATION":{
        "p":0.0,
        "r":0.0,
        "f":0.0
      },
      "LOCATION-OTHER":{
        "p":0.0,
        "r":0.0,
        "f":0.0
      },
      "USERNAME":{
        "p":0.7777777778,
        "r":0.8,
        "f":0.7887323944
      },
      "FAX":{
        "p":0.0,
        "r":0.0,
        "f":0.0
      },
      "DEVICE":{
        "p":0.0,
        "r":0.0,
        "f":0.0
      }
    },
    "ner_loss":1021.0262328407
  }
}
