{
  "lang":"en",
  "name":"pipeline",
  "version":"0.0.0",
  "spacy_version":">=3.5.1,<3.6.0",
  "description":"",
  "author":"",
  "email":"",
  "url":"",
  "license":"",
  "spacy_git_version":"8153bd573",
  "vectors":{
    "width":0,
    "vectors":0,
    "keys":0,
    "name":null,
    "mode":"default"
  },
  "labels":{
    "transformer":[

    ],
    "ner":[
      "AGE",
      "CITY",
      "COUNTRY",
      "DATE",
      "DOCTOR",
      "EMAIL",
      "HOSPITAL",
      "IDNUM",
      "LOC",
      "MEDICALRECORD",
      "MISC",
      "ORG",
      "ORGANIZATION",
      "PATIENT",
      "PER",
      "PHONE",
      "PROFESSION",
      "STATE",
      "STREET",
      "USERNAME",
      "ZIP"
    ]
  },
  "pipeline":[
    "transformer",
    "ner"
  ],
  "components":[
    "transformer",
    "ner"
  ],
  "disabled":[

  ],
  "performance":{
    "ents_f":0.8578854828,
    "ents_p":0.8666975595,
    "ents_r":0.8492507946,
    "ents_per_type":{
      "DATE":{
        "p":0.9574551132,
        "r":0.9298711145,
        "f":0.9434615385
      },
      "PATIENT":{
        "p":0.8058659218,
        "r":0.8398835517,
        "f":0.8225231646
      },
      "MEDICALRECORD":{
        "p":0.8079625293,
        "r":0.9718309859,
        "f":0.8823529412
      },
      "DOCTOR":{
        "p":0.9073660714,
        "r":0.8713826367,
        "f":0.8890103882
      },
      "AGE":{
        "p":0.8673076923,
        "r":0.8895463511,
        "f":0.8782862707
      },
      "PROFESSION":{
        "p":1.0,
        "r":0.0111111111,
        "f":0.021978022
      },
      "HOSPITAL":{
        "p":0.769470405,
        "r":0.8045602606,
        "f":0.7866242038
      },
      "STREET":{
        "p":0.7692307692,
        "r":0.8108108108,
        "f":0.7894736842
      },
      "CITY":{
        "p":0.6013986014,
        "r":0.4914285714,
        "f":0.5408805031
      },
      "STATE":{
        "p":0.8991596639,
        "r":0.7482517483,
        "f":0.8167938931
      },
      "IDNUM":{
        "p":0.9574468085,
        "r":0.9183673469,
        "f":0.9375
      },
      "MISC":{
        "p":0.0,
        "r":0.0,
        "f":0.0
      },
      "COUNTRY":{
        "p":0.8648648649,
        "r":0.4210526316,
        "f":0.5663716814
      },
      "ZIP":{
        "p":0.3384615385,
        "r":0.4074074074,
        "f":0.3697478992
      },
      "PHONE":{
        "p":0.7590361446,
        "r":0.7590361446,
        "f":0.7590361446
      },
      "ORGANIZATION":{
        "p":0.0,
        "r":0.0,
        "f":0.0
      },
      "LOC":{
        "p":0.0,
        "r":0.0,
        "f":0.0
      },
      "LOCATION-OTHER":{
        "p":0.0,
        "r":0.0,
        "f":0.0
      },
      "USERNAME":{
        "p":1.0,
        "r":0.9142857143,
        "f":0.9552238806
      },
      "ORG":{
        "p":0.0,
        "r":0.0,
        "f":0.0
      },
      "PER":{
        "p":0.0,
        "r":0.0,
        "f":0.0
      },
      "FAX":{
        "p":0.0,
        "r":0.0,
        "f":0.0
      },
      "DEVICE":{
        "p":0.0,
        "r":0.0,
        "f":0.0
      }
    },
    "transformer_loss":888.7173970064,
    "ner_loss":3465.0962898989
  }
}
