{
  "lang":"en",
  "name":"pipeline",
  "version":"0.0.0",
  "spacy_version":">=3.5.2,<3.6.0",
  "description":"",
  "author":"",
  "email":"",
  "url":"",
  "license":"",
  "spacy_git_version":"Unknown",
  "vectors":{
    "width":0,
    "vectors":0,
    "keys":0,
    "name":null,
    "mode":"default"
  },
  "labels":{
    "transformer":[

    ],
    "ner":[
      "AGE",
      "CITY",
      "COUNTRY",
      "DATE",
      "DOCTOR",
      "EMAIL",
      "FAX",
      "HOSPITAL",
      "IDNUM",
      "LOC",
      "MEDICALRECORD",
      "MISC",
      "ORG",
      "ORGANIZATION",
      "PATIENT",
      "PER",
      "PHONE",
      "PROFESSION",
      "STATE",
      "STREET",
      "USERNAME",
      "ZIP"
    ]
  },
  "pipeline":[
    "transformer",
    "ner"
  ],
  "components":[
    "transformer",
    "ner"
  ],
  "disabled":[

  ],
  "performance":{
    "ents_f":0.9419568823,
    "ents_p":0.9382790209,
    "ents_r":0.94566369,
    "ents_per_type":{
      "DATE":{
        "p":0.9849768875,
        "r":0.9692949204,
        "f":0.9770729843
      },
      "PATIENT":{
        "p":0.9691629956,
        "r":0.96069869,
        "f":0.9649122807
      },
      "MEDICALRECORD":{
        "p":0.9616438356,
        "r":0.9887323944,
        "f":0.975
      },
      "DOCTOR":{
        "p":0.9396186441,
        "r":0.9506966774,
        "f":0.9451251998
      },
      "AGE":{
        "p":0.985915493,
        "r":0.966469428,
        "f":0.9760956175
      },
      "PROFESSION":{
        "p":0.9230769231,
        "r":0.8,
        "f":0.8571428571
      },
      "HOSPITAL":{
        "p":0.8613707165,
        "r":0.9006514658,
        "f":0.8805732484
      },
      "STREET":{
        "p":0.9905660377,
        "r":0.9459459459,
        "f":0.9677419355
      },
      "CITY":{
        "p":0.8412698413,
        "r":0.9085714286,
        "f":0.8736263736
      },
      "STATE":{
        "p":0.9275362319,
        "r":0.8951048951,
        "f":0.9110320285
      },
      "IDNUM":{
        "p":0.9019607843,
        "r":0.9387755102,
        "f":0.92
      },
      "COUNTRY":{
        "p":0.7625,
        "r":0.8026315789,
        "f":0.7820512821
      },
      "ZIP":{
        "p":0.9814814815,
        "r":0.9814814815,
        "f":0.9814814815
      },
      "EMAIL":{
        "p":0.0,
        "r":0.0,
        "f":0.0
      },
      "PHONE":{
        "p":0.9605263158,
        "r":0.8795180723,
        "f":0.9182389937
      },
      "ORGANIZATION":{
        "p":0.7407407407,
        "r":0.4545454545,
        "f":0.5633802817
      },
      "ORG":{
        "p":0.0,
        "r":0.0,
        "f":0.0
      },
      "LOCATION-OTHER":{
        "p":0.0,
        "r":0.0,
        "f":0.0
      },
      "USERNAME":{
        "p":0.9705882353,
        "r":0.9428571429,
        "f":0.9565217391
      },
      "FAX":{
        "p":0.0,
        "r":0.0,
        "f":0.0
      },
      "DEVICE":{
        "p":0.0,
        "r":0.0,
        "f":0.0
      },
      "MISC":{
        "p":0.0,
        "r":0.0,
        "f":0.0
      }
    },
    "transformer_loss":28582.7366912069,
    "ner_loss":3414.9332666276
  }
}