{
  "lang":"en",
  "name":"pipeline",
  "version":"0.0.0",
  "spacy_version":">=3.5.1,<3.6.0",
  "description":"",
  "author":"",
  "email":"",
  "url":"",
  "license":"",
  "spacy_git_version":"8153bd573",
  "vectors":{
    "width":0,
    "vectors":0,
    "keys":0,
    "name":null,
    "mode":"default"
  },
  "labels":{
    "transformer":[

    ],
    "ner":[
      "AGE",
      "CITY",
      "COUNTRY",
      "DATE",
      "DOCTOR",
      "EMAIL",
      "HOSPITAL",
      "IDNUM",
      "LOC",
      "MEDICALRECORD",
      "MISC",
      "ORG",
      "ORGANIZATION",
      "PATIENT",
      "PER",
      "PHONE",
      "PROFESSION",
      "STATE",
      "STREET",
      "USERNAME",
      "ZIP"
    ]
  },
  "pipeline":[
    "transformer",
    "ner"
  ],
  "components":[
    "transformer",
    "ner"
  ],
  "disabled":[

  ],
  "performance":{
    "ents_f":0.8562538892,
    "ents_p":0.8807809249,
    "ents_r":0.8330558499,
    "ents_per_type":{
      "DATE":{
        "p":0.9603299293,
        "r":0.926838514,
        "f":0.943287037
      },
      "PATIENT":{
        "p":0.8055172414,
        "r":0.8500727802,
        "f":0.8271954674
      },
      "MEDICALRECORD":{
        "p":0.8033980583,
        "r":0.9323943662,
        "f":0.8631029987
      },
      "DOCTOR":{
        "p":0.9207807118,
        "r":0.8595927117,
        "f":0.889135255
      },
      "AGE":{
        "p":0.9779249448,
        "r":0.8737672584,
        "f":0.9229166667
      },
      "PROFESSION":{
        "p":0.0,
        "r":0.0,
        "f":0.0
      },
      "HOSPITAL":{
        "p":0.7796296296,
        "r":0.6856677524,
        "f":0.7296360485
      },
      "STREET":{
        "p":0.8319327731,
        "r":0.8918918919,
        "f":0.8608695652
      },
      "CITY":{
        "p":0.5032679739,
        "r":0.44,
        "f":0.4695121951
      },
      "STATE":{
        "p":0.9658119658,
        "r":0.7902097902,
        "f":0.8692307692
      },
      "IDNUM":{
        "p":0.7931034483,
        "r":0.9387755102,
        "f":0.8598130841
      },
      "COUNTRY":{
        "p":0.7857142857,
        "r":0.4342105263,
        "f":0.5593220339
      },
      "ZIP":{
        "p":0.4545454545,
        "r":0.1851851852,
        "f":0.2631578947
      },
      "PHONE":{
        "p":0.6346153846,
        "r":0.7951807229,
        "f":0.7058823529
      },
      "ORGANIZATION":{
        "p":0.1818181818,
        "r":0.0454545455,
        "f":0.0727272727
      },
      "LOC":{
        "p":0.0,
        "r":0.0,
        "f":0.0
      },
      "MISC":{
        "p":0.0,
        "r":0.0,
        "f":0.0
      },
      "LOCATION-OTHER":{
        "p":0.0,
        "r":0.0,
        "f":0.0
      },
      "USERNAME":{
        "p":1.0,
        "r":0.9142857143,
        "f":0.9552238806
      },
      "ORG":{
        "p":0.0,
        "r":0.0,
        "f":0.0
      },
      "FAX":{
        "p":0.0,
        "r":0.0,
        "f":0.0
      },
      "DEVICE":{
        "p":0.0,
        "r":0.0,
        "f":0.0
      },
      "EMAIL":{
        "p":0.0,
        "r":0.0,
        "f":0.0
      }
    },
    "transformer_loss":249.9073161235,
    "ner_loss":3123.4816437249
  }
}
